treatment,well_nr,sample_nr,date,timepoint,description ,variable,value,std_dev
ASW,ASW-1,NA,2021-11-03,T0,ASW,wet_weight(g),0.0049,NA
ASW,ASW-2,NA,2021-11-03,T0,ASW,wet_weight(g),0.0059,NA
ASW,ASW-3,NA,2021-11-03,T0,ASW,wet_weight(g),0.0036,NA
ASW,ASW-4,NA,2021-11-03,T0,ASW,wet_weight(g),0.004,NA
ASW,ASW-5,NA,2021-11-03,T0,ASW,wet_weight(g),0.0057,NA
ASW,ASW-6,NA,2021-11-03,T0,ASW,wet_weight(g),0.0047,NA
ABS1,ABS1-1,NA,2021-11-03,T0,ASW,wet_weight(g),0.0043,NA
ABS1,ABS1-2,NA,2021-11-03,T0,ASW,wet_weight(g),0.0045,NA
ABS1,ABS1-3,NA,2021-11-03,T0,ASW,wet_weight(g),0.0053,NA
ABS1,ABS1-4,NA,2021-11-03,T0,ASW,wet_weight(g),0.0043,NA
ABS1,ABS1-5,NA,2021-11-03,T0,ASW,wet_weight(g),0.0039,NA
ABS1,ABS1-6,NA,2021-11-03,T0,ASW,wet_weight(g),0.0051,NA
ABS2,ABS2-1,NA,2021-11-03,T0,ASW,wet_weight(g),0.0054,NA
ABS2,ABS2-2,NA,2021-11-03,T0,ASW,wet_weight(g),0.0034,NA
ABS2,ABS2-3,NA,2021-11-03,T0,ASW,wet_weight(g),0.0078,NA
ABS2,ABS2-4,NA,2021-11-03,T0,ASW,wet_weight(g),0.004,NA
ABS2,ABS2-5,NA,2021-11-03,T0,ASW,wet_weight(g),0.0049,NA
ABS2,ABS2-6,NA,2021-11-03,T0,ASW,wet_weight(g),0.0058,NA
ASW,ASW-1,NA,2021-12-06,T1,ASW,wet_weight(g),0.0294,NA
ASW,ASW-2,NA,2021-12-06,T1,ASW,wet_weight(g),0.0259,NA
ASW,ASW-3,NA,2021-12-06,T1,ASW,wet_weight(g),0.0329,NA
ASW,ASW-4,NA,2021-12-06,T1,ASW,wet_weight(g),0.0227,NA
ASW,ASW-5,NA,2021-12-06,T1,ASW,wet_weight(g),0.0239,NA
ASW,ASW-6,NA,2021-12-06,T1,ASW,wet_weight(g),0.0229,NA
ABS1,ABS1-1,NA,2021-12-06,T1,FASW,wet_weight(g),0.0226,NA
ABS1,ABS1-2,NA,2021-12-06,T1,FASW,wet_weight(g),0.0156,NA
ABS1,ABS1-3,NA,2021-12-06,T1,FASW,wet_weight(g),0.019,NA
ABS1,ABS1-4,NA,2021-12-06,T1,FASW,wet_weight(g),0.0183,NA
ABS1,ABS1-5,NA,2021-12-06,T1,FASW,wet_weight(g),0.0198,NA
ABS1,ABS1-6,NA,2021-12-06,T1,FASW,wet_weight(g),0.0189,NA
ABS2,ABS2-1,NA,2021-12-06,T1,FASW,wet_weight(g),0.014,NA
ABS2,ABS2-2,NA,2021-12-06,T1,FASW,wet_weight(g),0.0288,NA
ABS2,ABS2-3,NA,2021-12-06,T1,FASW,wet_weight(g),0.0213,NA
ABS2,ABS2-4,NA,2021-12-06,T1,FASW,wet_weight(g),NA,NA
ABS2,ABS2-5,NA,2021-12-06,T1,FASW,wet_weight(g),0.025,NA
ABS2,ABS2-6,NA,2021-12-06,T1,FASW,wet_weight(g),0.0177,NA
ASW,ASW-1,NA,2021-12-14,T2,ASW,wet_weight(g),0.0153,NA
ASW,ASW-2,NA,2021-12-14,T2,ASW,wet_weight(g),0.02,NA
ASW,ASW-3,NA,2021-12-14,T2,ASW,wet_weight(g),0.0266,NA
ASW,ASW-4,NA,2021-12-14,T2,ASW,wet_weight(g),0.0071,NA
ASW,ASW-5,NA,2021-12-14,T2,ASW,wet_weight(g),0.0223,NA
ASW,ASW-6,NA,2021-12-14,T2,ASW,wet_weight(g),0.0187,NA
ABS1,ABS1-1,NA,2021-12-14,T2,ABS1-7d,wet_weight(g),0.0144,NA
ABS1,ABS1-2,NA,2021-12-14,T2,ABS1-7d,wet_weight(g),0.0028,NA
ABS1,ABS1-3,NA,2021-12-14,T2,ABS1-7d,wet_weight(g),0.0179,NA
ABS1,ABS1-4,NA,2021-12-14,T2,ABS1-7d,wet_weight(g),0.0169,NA
ABS1,ABS1-5,NA,2021-12-14,T2,ABS1-7d,wet_weight(g),0.0049,NA
ABS1,ABS1-6,NA,2021-12-14,T2,ABS1-7d,wet_weight(g),0.0138,NA
ABS2,ABS2-1,NA,2021-12-14,T2,ABS2-7d,wet_weight(g),0.0073,NA
ABS2,ABS2-2,NA,2021-12-14,T2,ABS2-7d,wet_weight(g),0.0214,NA
ABS2,ABS2-3,NA,2021-12-14,T2,ABS2-7d,wet_weight(g),0.0151,NA
ABS2,ABS2-4,NA,2021-12-14,T2,ABS2-7d,wet_weight(g),NA,NA
ABS2,ABS2-5,NA,2021-12-14,T2,ABS2-7d,wet_weight(g),0.0136,NA
ABS2,ABS2-6,NA,2021-12-14,T2,ABS2-7d,wet_weight(g),0.0129,NA
ASW,ASW-1,NA,2021-12-21,T3,ASW,wet_weight(g),0.0222,NA
ASW,ASW-2,NA,2021-12-21,T3,ASW,wet_weight(g),0.0297,NA
ASW,ASW-3,NA,2021-12-21,T3,ASW,wet_weight(g),0.0277,NA
ASW,ASW-4,NA,2021-12-21,T3,ASW,wet_weight(g),0.013,NA
ASW,ASW-5,NA,2021-12-21,T3,ASW,wet_weight(g),0.0357,NA
ASW,ASW-6,NA,2021-12-21,T3,ASW,wet_weight(g),0.026,NA
ABS1,ABS1-1,NA,2021-12-21,T3,ABS1-14d,wet_weight(g),0.0136,NA
ABS1,ABS1-2,NA,2021-12-21,T3,ABS1-14d,wet_weight(g),0.0031,NA
ABS1,ABS1-3,NA,2021-12-21,T3,ABS1-14d,wet_weight(g),0.0063,NA
ABS1,ABS1-4,NA,2021-12-21,T3,ABS1-14d,wet_weight(g),0.0117,NA
ABS1,ABS1-5,NA,2021-12-21,T3,ABS1-14d,wet_weight(g),0.0139,NA
ABS1,ABS1-6,NA,2021-12-21,T3,ABS1-14d,wet_weight(g),0.0149,NA
ABS2,ABS2-1,NA,2021-12-21,T3,ABS2-14d,wet_weight(g),0.0126,NA
ABS2,ABS2-2,NA,2021-12-21,T3,ABS2-14d,wet_weight(g),0.0234,NA
ABS2,ABS2-3,NA,2021-12-21,T3,ABS2-14d,wet_weight(g),0.0226,NA
ABS2,ABS2-4,NA,2021-12-21,T3,ABS2-14d,wet_weight(g),NA,NA
ABS2,ABS2-5,NA,2021-12-21,T3,ABS2-14d,wet_weight(g),0.0228,NA
ABS2,ABS2-6,NA,2021-12-21,T3,ABS2-14d,wet_weight(g),0.0123,NA
ASW,ASW-1,NA,2022-01-04,T5,ASW,wet_weight(g),0.0082,NA
ASW,ASW-2,NA,2022-01-04,T5,ASW,wet_weight(g),0.0194,NA
ASW,ASW-3,NA,2022-01-04,T5,ASW,wet_weight(g),NA,NA
ASW,ASW-4,NA,2022-01-04,T5,ASW,wet_weight(g),0.0101,NA
ASW,ASW-5,NA,2022-01-04,T5,ASW,wet_weight(g),0.0097,NA
ASW,ASW-6,NA,2022-01-04,T5,ASW,wet_weight(g),0.0051,NA
ABS1,ABS1-1,NA,2022-01-04,T5,ABS1-21d-7d-FASW,wet_weight(g),0.0017,NA
ABS1,ABS1-2,NA,2022-01-04,T5,ABS1-21d-7d-FASW,wet_weight(g),0.0029,NA
ABS1,ABS1-3,NA,2022-01-04,T5,ABS1-21d-7d-FASW,wet_weight(g),0.0058,NA
ABS1,ABS1-4,NA,2022-01-04,T5,ABS1-21d-7d-FASW,wet_weight(g),NA,NA
ABS1,ABS1-5,NA,2022-01-04,T5,ABS1-21d-7d-FASW,wet_weight(g),0.0013,NA
ABS1,ABS1-6,NA,2022-01-04,T5,ABS1-21d-7d-FASW,wet_weight(g),0.0035,NA
ABS2,ABS2-1,NA,2022-01-04,T5,ABS2-21d-7d-FASW,wet_weight(g),0.0078,NA
ABS2,ABS2-2,NA,2022-01-04,T5,ABS2-21d-7d-FASW,wet_weight(g),0.0088,NA
ABS2,ABS2-3,NA,2022-01-04,T5,ABS2-21d-7d-FASW,wet_weight(g),0.0079,NA
ABS2,ABS2-4,NA,2022-01-04,T5,ABS2-21d-7d-FASW,wet_weight(g),NA,NA
ABS2,ABS2-5,NA,2022-01-04,T5,ABS2-21d-7d-FASW,wet_weight(g),0.0067,NA
ABS2,ABS2-6,NA,2022-01-04,T5,ABS2-21d-7d-FASW,wet_weight(g),0.0054,NA
ASW,ASW-1,NA,2022-01-11,T6,ASW,wet_weight(g),0.0064,NA
ASW,ASW-2,NA,2022-01-11,T6,ASW,wet_weight(g),0.013,NA
ASW,ASW-3,NA,2022-01-11,T6,ASW,wet_weight(g),NA,NA
ASW,ASW-4,NA,2022-01-11,T6,ASW,wet_weight(g),0.0124,NA
ASW,ASW-5,NA,2022-01-11,T6,ASW,wet_weight(g),0.0099,NA
ASW,ASW-6,NA,2022-01-11,T6,ASW,wet_weight(g),0.0048,NA
ABS1,ABS1-1,NA,2022-01-11,T6,ABS1-21d-14d-FASW,wet_weight(g),0.0055,NA
ABS1,ABS1-2,NA,2022-01-11,T6,ABS1-21d-14d-FASW,wet_weight(g),0.0025,NA
ABS1,ABS1-3,NA,2022-01-11,T6,ABS1-21d-14d-FASW,wet_weight(g),0.0036,NA
ABS1,ABS1-4,NA,2022-01-11,T6,ABS1-21d-14d-FASW,wet_weight(g),NA,NA
ABS1,ABS1-5,NA,2022-01-11,T6,ABS1-21d-14d-FASW,wet_weight(g),0.0017,NA
ABS1,ABS1-6,NA,2022-01-11,T6,ABS1-21d-14d-FASW,wet_weight(g),0.0043,NA
ABS2,ABS2-1,NA,2022-01-11,T6,ABS2-21d-14d-FASW,wet_weight(g),0.0043,NA
ABS2,ABS2-2,NA,2022-01-11,T6,ABS2-21d-14d-FASW,wet_weight(g),0.0111,NA
ABS2,ABS2-3,NA,2022-01-11,T6,ABS2-21d-14d-FASW,wet_weight(g),0.0131,NA
ABS2,ABS2-4,NA,2022-01-11,T6,ABS2-21d-14d-FASW,wet_weight(g),NA,NA
ABS2,ABS2-5,NA,2022-01-11,T6,ABS2-21d-14d-FASW,wet_weight(g),0.0035,NA
ABS2,ABS2-6,NA,2022-01-11,T6,ABS2-21d-14d-FASW,wet_weight(g),0.009,NA
ASW,ASW-1,NA,2021-12-28,T4,ASW,wet_weight(g),0.0238,NA
ASW,ASW-2,NA,2021-12-28,T4,ASW,wet_weight(g),0.0402,NA
ASW,ASW-3,NA,2021-12-28,T4,ASW,wet_weight(g),0.036,NA
ASW,ASW-4,NA,2021-12-28,T4,ASW,wet_weight(g),0.0169,NA
ASW,ASW-5,NA,2021-12-28,T4,ASW,wet_weight(g),0.0483,NA
ASW,ASW-6,NA,2021-12-28,T4,ASW,wet_weight(g),0.0392,NA
ABS1,ABS1-1,NA,2021-12-28,T4,ABS1-21d,wet_weight(g),0.0257,NA
ABS1,ABS1-2,NA,2021-12-28,T4,ABS1-21d,wet_weight(g),0.0012,NA
ABS1,ABS1-3,NA,2021-12-28,T4,ABS1-21d,wet_weight(g),0.0055,NA
ABS1,ABS1-4,NA,2021-12-28,T4,ABS1-21d,wet_weight(g),0.0088,NA
ABS1,ABS1-5,NA,2021-12-28,T4,ABS1-21d,wet_weight(g),0.0133,NA
ABS1,ABS1-6,NA,2021-12-28,T4,ABS1-21d,wet_weight(g),0.016,NA
ABS2,ABS2-1,NA,2021-12-28,T4,ABS2-21d,wet_weight(g),0.0267,NA
ABS2,ABS2-2,NA,2021-12-28,T4,ABS2-21d,wet_weight(g),0.0082,NA
ABS2,ABS2-3,NA,2021-12-28,T4,ABS2-21d,wet_weight(g),0.0225,NA
ABS2,ABS2-4,NA,2021-12-28,T4,ABS2-21d,wet_weight(g),NA,NA
ABS2,ABS2-5,NA,2021-12-28,T4,ABS2-21d,wet_weight(g),0.0166,NA
ABS2,ABS2-6,NA,2021-12-28,T4,ABS2-21d,wet_weight(g),0.0396,NA
ASW,ASW-1,NA,2021-11-05,baseline,ASW,pedal_lacerates,0,NA
ASW,ASW-2,NA,2021-11-05,baseline,ASW,pedal_lacerates,0,NA
ASW,ASW-3,NA,2021-11-05,baseline,ASW,pedal_lacerates,0,NA
ASW,ASW-4,NA,2021-11-05,baseline,ASW,pedal_lacerates,0,NA
ASW,ASW-5,NA,2021-11-05,baseline,ASW,pedal_lacerates,0,NA
ASW,ASW-6,NA,2021-11-05,baseline,ASW,pedal_lacerates,0,NA
ASW,ABS1-1,NA,2021-11-05,baseline,ASW,pedal_lacerates,0,NA
ASW,ABS1-2,NA,2021-11-05,baseline,ASW,pedal_lacerates,0,NA
ASW,ABS1-3,NA,2021-11-05,baseline,ASW,pedal_lacerates,0,NA
ASW,ABS1-4,NA,2021-11-05,baseline,ASW,pedal_lacerates,0,NA
ASW,ABS1-5,NA,2021-11-05,baseline,ASW,pedal_lacerates,0,NA
ASW,ABS1-6,NA,2021-11-05,baseline,ASW,pedal_lacerates,0,NA
ASW,ABS2-1,NA,2021-11-05,baseline,ASW,pedal_lacerates,0,NA
ASW,ABS2-2,NA,2021-11-05,baseline,ASW,pedal_lacerates,0,NA
ASW,ABS2-3,NA,2021-11-05,baseline,ASW,pedal_lacerates,0,NA
ASW,ABS2-4,NA,2021-11-05,baseline,ASW,pedal_lacerates,0,NA
ASW,ABS2-5,NA,2021-11-05,baseline,ASW,pedal_lacerates,0,NA
ASW,ABS2-6,NA,2021-11-05,baseline,ASW,pedal_lacerates,0,NA
ASW,ASW-1,NA,2021-11-12,pre-treatment,ASW,pedal_lacerates,0,NA
ASW,ASW-2,NA,2021-11-12,pre-treatment,ASW,pedal_lacerates,0,NA
ASW,ASW-3,NA,2021-11-12,pre-treatment,ASW,pedal_lacerates,0,NA
ASW,ASW-4,NA,2021-11-12,pre-treatment,ASW,pedal_lacerates,0,NA
ASW,ASW-5,NA,2021-11-12,pre-treatment,ASW,pedal_lacerates,0,NA
ASW,ASW-6,NA,2021-11-12,pre-treatment,ASW,pedal_lacerates,0,NA
ABS1,ABS1-1,NA,2021-11-12,pre-treatment,FASW,pedal_lacerates,0,NA
ABS1,ABS1-2,NA,2021-11-12,pre-treatment,FASW,pedal_lacerates,0,NA
ABS1,ABS1-3,NA,2021-11-12,pre-treatment,FASW,pedal_lacerates,0,NA
ABS1,ABS1-4,NA,2021-11-12,pre-treatment,FASW,pedal_lacerates,0,NA
ABS1,ABS1-5,NA,2021-11-12,pre-treatment,FASW,pedal_lacerates,0,NA
ABS1,ABS1-6,NA,2021-11-12,pre-treatment,FASW,pedal_lacerates,0,NA
ABS2,ABS2-1,NA,2021-11-12,pre-treatment,FASW,pedal_lacerates,0,NA
ABS2,ABS2-2,NA,2021-11-12,pre-treatment,FASW,pedal_lacerates,0,NA
ABS2,ABS2-3,NA,2021-11-12,pre-treatment,FASW,pedal_lacerates,0,NA
ABS2,ABS2-4,NA,2021-11-12,pre-treatment,FASW,pedal_lacerates,0,NA
ABS2,ABS2-5,NA,2021-11-12,pre-treatment,FASW,pedal_lacerates,0,NA
ABS2,ABS2-6,NA,2021-11-12,pre-treatment,FASW,pedal_lacerates,0,NA
ASW,ASW-1,NA,2021-11-18,pre-treatment,ASW,pedal_lacerates,1,NA
ASW,ASW-2,NA,2021-11-18,pre-treatment,ASW,pedal_lacerates,0,NA
ASW,ASW-3,NA,2021-11-18,pre-treatment,ASW,pedal_lacerates,1,NA
ASW,ASW-4,NA,2021-11-18,pre-treatment,ASW,pedal_lacerates,0,NA
ASW,ASW-5,NA,2021-11-18,pre-treatment,ASW,pedal_lacerates,1,NA
ASW,ASW-6,NA,2021-11-18,pre-treatment,ASW,pedal_lacerates,1,NA
ABS1,ABS1-1,NA,2021-11-18,pre-treatment,FASW,pedal_lacerates,1,NA
ABS1,ABS1-2,NA,2021-11-18,pre-treatment,FASW,pedal_lacerates,0,NA
ABS1,ABS1-3,NA,2021-11-18,pre-treatment,FASW,pedal_lacerates,0,NA
ABS1,ABS1-4,NA,2021-11-18,pre-treatment,FASW,pedal_lacerates,1,NA
ABS1,ABS1-5,NA,2021-11-18,pre-treatment,FASW,pedal_lacerates,0,NA
ABS1,ABS1-6,NA,2021-11-18,pre-treatment,FASW,pedal_lacerates,2,NA
ABS2,ABS2-1,NA,2021-11-18,pre-treatment,FASW,pedal_lacerates,0,NA
ABS2,ABS2-2,NA,2021-11-18,pre-treatment,FASW,pedal_lacerates,1,NA
ABS2,ABS2-3,NA,2021-11-18,pre-treatment,FASW,pedal_lacerates,1,NA
ABS2,ABS2-4,NA,2021-11-18,pre-treatment,FASW,pedal_lacerates,NA,NA
ABS2,ABS2-5,NA,2021-11-18,pre-treatment,FASW,pedal_lacerates,0,NA
ABS2,ABS2-6,NA,2021-11-18,pre-treatment,FASW,pedal_lacerates,0,NA
ASW,ASW-1,NA,2021-11-29,pre-treatment,ASW,pedal_lacerates,4,NA
ASW,ASW-2,NA,2021-11-29,pre-treatment,ASW,pedal_lacerates,1,NA
ASW,ASW-3,NA,2021-11-29,pre-treatment,ASW,pedal_lacerates,0,NA
ASW,ASW-4,NA,2021-11-29,pre-treatment,ASW,pedal_lacerates,2,NA
ASW,ASW-5,NA,2021-11-29,pre-treatment,ASW,pedal_lacerates,1,NA
ASW,ASW-6,NA,2021-11-29,pre-treatment,ASW,pedal_lacerates,0,NA
ABS1,ABS1-1,NA,2021-11-29,pre-treatment,FASW,pedal_lacerates,2,NA
ABS1,ABS1-2,NA,2021-11-29,pre-treatment,FASW,pedal_lacerates,2,NA
ABS1,ABS1-3,NA,2021-11-29,pre-treatment,FASW,pedal_lacerates,0,NA
ABS1,ABS1-4,NA,2021-11-29,pre-treatment,FASW,pedal_lacerates,0,NA
ABS1,ABS1-5,NA,2021-11-29,pre-treatment,FASW,pedal_lacerates,1,NA
ABS1,ABS1-6,NA,2021-11-29,pre-treatment,FASW,pedal_lacerates,0,NA
ABS2,ABS2-1,NA,2021-11-29,pre-treatment,FASW,pedal_lacerates,0,NA
ABS2,ABS2-2,NA,2021-11-29,pre-treatment,FASW,pedal_lacerates,1,NA
ABS2,ABS2-3,NA,2021-11-29,pre-treatment,FASW,pedal_lacerates,1,NA
ABS2,ABS2-4,NA,2021-11-29,pre-treatment,FASW,pedal_lacerates,NA,NA
ABS2,ABS2-5,NA,2021-11-29,pre-treatment,FASW,pedal_lacerates,1,NA
ABS2,ABS2-6,NA,2021-11-29,pre-treatment,FASW,pedal_lacerates,0,NA
ASW,ASW-1,NA,2021-12-10,treatment,ASW,pedal_lacerates,1,NA
ASW,ASW-2,NA,2021-12-10,treatment,ASW,pedal_lacerates,0,NA
ASW,ASW-3,NA,2021-12-10,treatment,ASW,pedal_lacerates,0,NA
ASW,ASW-4,NA,2021-12-10,treatment,ASW,pedal_lacerates,0,NA
ASW,ASW-5,NA,2021-12-10,treatment,ASW,pedal_lacerates,1,NA
ASW,ASW-6,NA,2021-12-10,treatment,ASW,pedal_lacerates,1,NA
ABS1,ABS1-1,NA,2021-12-10,treatment,ABS1,pedal_lacerates,0,NA
ABS1,ABS1-2,NA,2021-12-10,treatment,ABS1,pedal_lacerates,0,NA
ABS1,ABS1-3,NA,2021-12-10,treatment,ABS1,pedal_lacerates,0,NA
ABS1,ABS1-4,NA,2021-12-10,treatment,ABS1,pedal_lacerates,0,NA
ABS1,ABS1-5,NA,2021-12-10,treatment,ABS1,pedal_lacerates,0,NA
ABS1,ABS1-6,NA,2021-12-10,treatment,ABS1,pedal_lacerates,0,NA
ABS2,ABS2-1,NA,2021-12-10,treatment,ABS2,pedal_lacerates,0,NA
ABS2,ABS2-2,NA,2021-12-10,treatment,ABS2,pedal_lacerates,0,NA
ABS2,ABS2-3,NA,2021-12-10,treatment,ABS2,pedal_lacerates,0,NA
ABS2,ABS2-4,NA,2021-12-10,treatment,ABS2,pedal_lacerates,0,NA
ABS2,ABS2-5,NA,2021-12-10,treatment,ABS2,pedal_lacerates,0,NA
ABS2,ABS2-6,NA,2021-12-10,treatment,ABS2,pedal_lacerates,0,NA
ASW,ASW-1,NA,2021-12-17,treatment,ABS2,pedal_lacerates,6,NA
ASW,ASW-2,NA,2021-12-17,treatment,ABS2,pedal_lacerates,3,NA
ASW,ASW-3,NA,2021-12-17,treatment,ABS2,pedal_lacerates,3,NA
ASW,ASW-4,NA,2021-12-17,treatment,ABS2,pedal_lacerates,2,NA
ASW,ASW-5,NA,2021-12-17,treatment,ABS2,pedal_lacerates,4,NA
ASW,ASW-6,NA,2021-12-17,treatment,ABS2,pedal_lacerates,5,NA
ABS1,ABS1-1,NA,2021-12-17,treatment,ABS1,pedal_lacerates,0,NA
ABS1,ABS1-2,NA,2021-12-17,treatment,ABS1,pedal_lacerates,0,NA
ABS1,ABS1-3,NA,2021-12-17,treatment,ABS1,pedal_lacerates,0,NA
ABS1,ABS1-4,NA,2021-12-17,treatment,ABS1,pedal_lacerates,0,NA
ABS1,ABS1-5,NA,2021-12-17,treatment,ABS1,pedal_lacerates,0,NA
ABS1,ABS1-6,NA,2021-12-17,treatment,ABS1,pedal_lacerates,0,NA
ABS2,ABS2-1,NA,2021-12-17,treatment,ABS2,pedal_lacerates,0,NA
ABS2,ABS2-2,NA,2021-12-17,treatment,ABS2,pedal_lacerates,0,NA
ABS2,ABS2-3,NA,2021-12-17,treatment,ABS2,pedal_lacerates,0,NA
ABS2,ABS2-4,NA,2021-12-17,treatment,ABS2,pedal_lacerates,0,NA
ABS2,ABS2-5,NA,2021-12-17,treatment,ABS2,pedal_lacerates,0,NA
ABS2,ABS2-6,NA,2021-12-17,treatment,ABS2,pedal_lacerates,0,NA
ASW,ASW-1,NA,2021-12-23,treatment,ASW,pedal_lacerates,7,NA
ASW,ASW-2,NA,2021-12-23,treatment,ASW,pedal_lacerates,3,NA
ASW,ASW-3,NA,2021-12-23,treatment,ASW,pedal_lacerates,4,NA
ASW,ASW-4,NA,2021-12-23,treatment,ASW,pedal_lacerates,1,NA
ASW,ASW-5,NA,2021-12-23,treatment,ASW,pedal_lacerates,4,NA
ASW,ASW-6,NA,2021-12-23,treatment,ASW,pedal_lacerates,7,NA
ABS1,ABS1-1,NA,2021-12-23,treatment,ABS1,pedal_lacerates,0,NA
ABS1,ABS1-2,NA,2021-12-23,treatment,ABS1,pedal_lacerates,0,NA
ABS1,ABS1-3,NA,2021-12-23,treatment,ABS1,pedal_lacerates,0,NA
ABS1,ABS1-4,NA,2021-12-23,treatment,ABS1,pedal_lacerates,0,NA
ABS1,ABS1-5,NA,2021-12-23,treatment,ABS1,pedal_lacerates,0,NA
ABS1,ABS1-6,NA,2021-12-23,treatment,ABS1,pedal_lacerates,0,NA
ABS2,ABS2-1,NA,2021-12-23,treatment,ABS2,pedal_lacerates,0,NA
ABS2,ABS2-2,NA,2021-12-23,treatment,ABS2,pedal_lacerates,0,NA
ABS2,ABS2-3,NA,2021-12-23,treatment,ABS2,pedal_lacerates,0,NA
ABS2,ABS2-4,NA,2021-12-23,treatment,ABS2,pedal_lacerates,0,NA
ABS2,ABS2-5,NA,2021-12-23,treatment,ABS2,pedal_lacerates,0,NA
ABS2,ABS2-6,NA,2021-12-23,treatment,ABS2,pedal_lacerates,0,NA
ASW,ASW-1,NA,2022-01-07,recovery,ASW,pedal_lacerates,2,NA
ASW,ASW-2,NA,2022-01-07,recovery,ASW,pedal_lacerates,8,NA
ASW,ASW-3,NA,2022-01-07,recovery,ASW,pedal_lacerates,NA,NA
ASW,ASW-4,NA,2022-01-07,recovery,ASW,pedal_lacerates,0,NA
ASW,ASW-5,NA,2022-01-07,recovery,ASW,pedal_lacerates,5,NA
ASW,ASW-6,NA,2022-01-07,recovery,ASW,pedal_lacerates,3,NA
ABS1,ABS1-1,NA,2022-01-07,recovery,ASW,pedal_lacerates,0,NA
ABS1,ABS1-2,NA,2022-01-07,recovery,ASW,pedal_lacerates,0,NA
ABS1,ABS1-3,NA,2022-01-07,recovery,ASW,pedal_lacerates,0,NA
ABS1,ABS1-4,NA,2022-01-07,recovery,ASW,pedal_lacerates,0,NA
ABS1,ABS1-5,NA,2022-01-07,recovery,ASW,pedal_lacerates,0,NA
ABS1,ABS1-6,NA,2022-01-07,recovery,ASW,pedal_lacerates,0,NA
ABS2,ABS2-1,NA,2022-01-07,recovery,ASW,pedal_lacerates,0,NA
ABS2,ABS2-2,NA,2022-01-07,recovery,ASW,pedal_lacerates,0,NA
ABS2,ABS2-3,NA,2022-01-07,recovery,ASW,pedal_lacerates,0,NA
ABS2,ABS2-4,NA,2022-01-07,recovery,ASW,pedal_lacerates,0,NA
ABS2,ABS2-5,NA,2022-01-07,recovery,ASW,pedal_lacerates,0,NA
ABS2,ABS2-6,NA,2022-01-07,recovery,ASW,pedal_lacerates,0,NA
ASW,ASW-1,NA,2022-01-19,recovery,ASW,pedal_lacerates,2,NA
ASW,ASW-2,NA,2022-01-19,recovery,ASW,pedal_lacerates,6,NA
ASW,ASW-3,NA,2022-01-19,recovery,ASW,pedal_lacerates,NA,NA
ASW,ASW-4,NA,2022-01-19,recovery,ASW,pedal_lacerates,2,NA
ASW,ASW-5,NA,2022-01-19,recovery,ASW,pedal_lacerates,6,NA
ASW,ASW-6,NA,2022-01-19,recovery,ASW,pedal_lacerates,3,NA
ABS1,ABS1-1,NA,2022-01-19,recovery,ASW,pedal_lacerates,0,NA
ABS1,ABS1-2,NA,2022-01-19,recovery,ASW,pedal_lacerates,0,NA
ABS1,ABS1-3,NA,2022-01-19,recovery,ASW,pedal_lacerates,0,NA
ABS1,ABS1-4,NA,2022-01-19,recovery,ASW,pedal_lacerates,NA,NA
ABS1,ABS1-5,NA,2022-01-19,recovery,ASW,pedal_lacerates,0,NA
ABS1,ABS1-6,NA,2022-01-19,recovery,ASW,pedal_lacerates,0,NA
ABS2,ABS2-1,NA,2022-01-19,recovery,ASW,pedal_lacerates,0,NA
ABS2,ABS2-2,NA,2022-01-19,recovery,ASW,pedal_lacerates,2,NA
ABS2,ABS2-3,NA,2022-01-19,recovery,ASW,pedal_lacerates,0,NA
ABS2,ABS2-4,NA,2022-01-19,recovery,ASW,pedal_lacerates,NA,NA
ABS2,ABS2-5,NA,2022-01-19,recovery,ASW,pedal_lacerates,1,NA
ABS2,ABS2-6,NA,2022-01-19,recovery,ASW,pedal_lacerates,0,NA
FASW,NA,SAM_150,2021-12-06,T1,FASW,avg_protein(ug/ml),405.8369,14.82135447
FASW,NA,SAM_151,2021-12-06,T1,FASW,avg_protein(ug/ml),197.2389,6.652537952
FASW,NA,SAM_152,2021-12-06,T1,FASW,avg_protein(ug/ml),94.8086,3.797065545
FASW,NA,SAM_153,2021-12-06,T1,FASW,avg_protein(ug/ml),544.0277,47.0183187
FASW,NA,SAM_154,2021-12-06,T1,FASW,avg_protein(ug/ml),233.7341,21.6599936
ASW,NA,SAM_155,2021-12-06,T1,ASW,avg_protein(ug/ml),404.1832,34.1369616
ASW,NA,SAM_156,2021-12-06,T1,ASW,avg_protein(ug/ml),616.7156,42.37740544
ASW,NA,SAM_157,2021-12-06,T1,ASW,avg_protein(ug/ml),412.0953,29.41618821
ASW,NA,SAM_158,2021-12-06,T1,ASW,avg_protein(ug/ml),593.1834,25.12572879
ASW,NA,SAM_159,2021-12-06,T1,ASW,avg_protein(ug/ml),413.5555,11.55400306
ASW,NA,SAM_253,2021-12-14,T2,ASW,avg_protein(ug/ml),440.4129,56.24901114
ASW,NA,SAM_254,2021-12-14,T2,ASW,avg_protein(ug/ml),690.9463,48.66700286
ASW,NA,SAM_255,2021-12-14,T2,ASW,avg_protein(ug/ml),527.0296,46.52718698
ASW,NA,SAM_256,2021-12-14,T2,ASW,avg_protein(ug/ml),472.2199,31.89145587
ASW,NA,SAM_257,2021-12-14,T2,ASW,avg_protein(ug/ml),789.3024,48.72334445
ABS1,NA,SAM_258,2021-12-14,T2,ABS1-7d,avg_protein(ug/ml),305.7524,33.09653781
ABS1,NA,SAM_259,2021-12-14,T2,ABS1-7d,avg_protein(ug/ml),231.1673,26.94228445
ABS1,NA,SAM_260,2021-12-14,T2,ABS1-7d,avg_protein(ug/ml),154.0315,16.36616518
ABS1,NA,SAM_261,2021-12-14,T2,ABS1-7d,avg_protein(ug/ml),61.9297,5.905029514
ABS1,NA,SAM_262,2021-12-14,T2,ABS1-7d,avg_protein(ug/ml),310.0973,24.51646689
ABS2,NA,SAM_263,2021-12-14,T2,ABS2-7d,avg_protein(ug/ml),442.8484,56.08624118
ABS2,NA,SAM_264,2021-12-14,T2,ABS2-7d,avg_protein(ug/ml),537.5452,36.10775965
ABS2,NA,SAM_265,2021-12-14,T2,ABS2-7d,avg_protein(ug/ml),245.3599,39.65489189
ABS2,NA,SAM_266,2021-12-14,T2,ABS2-7d,avg_protein(ug/ml),142.0753,16.32152759
ABS2,NA,SAM_267,2021-12-14,T2,ABS2-7d,avg_protein(ug/ml),492.2265,30.02311338
ABS1,NA,SAM_295,2021-12-21,T3,ABS1-14d,avg_protein(ug/ml),321.3697,3.855172826
ABS1,NA,SAM_296,2021-12-21,T3,ABS1-14d,avg_protein(ug/ml),350.6665,20.79369381
ABS1,NA,SAM_297,2021-12-21,T3,ABS1-14d,avg_protein(ug/ml),249.4124,11.49487598
ABS1,NA,SAM_298,2021-12-21,T3,ABS1-14d,avg_protein(ug/ml),77.8215,8.267708243
ABS1,NA,SAM_299,2021-12-21,T3,ABS1-14d,avg_protein(ug/ml),140.3690,9.119251867
ABS2,NA,SAM_300,2021-12-21,T3,ABS2-14d,avg_protein(ug/ml),258.4230,25.24165604
ABS2,NA,SAM_301,2021-12-21,T3,ABS2-14d,avg_protein(ug/ml),189.0457,24.67561778
ABS2,NA,SAM_302,2021-12-21,T3,ABS2-14d,avg_protein(ug/ml),461.7610,28.80269579
ABS2,NA,SAM_303,2021-12-21,T3,ABS2-14d,avg_protein(ug/ml),270.6558,15.73647972
ABS2,NA,SAM_304,2021-12-21,T3,ABS2-14d,avg_protein(ug/ml),279.6162,13.11548674
ASW,NA,SAM_305,2021-12-21,T3,ASW,avg_protein(ug/ml),700.5146,78.88530898
ASW,NA,SAM_306,2021-12-21,T3,ASW,avg_protein(ug/ml),427.2560,66.69954636
ASW,NA,SAM_307,2021-12-21,T3,ASW,avg_protein(ug/ml),777.3649,81.00544705
ASW,NA,SAM_308,2021-12-21,T3,ASW,avg_protein(ug/ml),617.2046,47.02333648
ASW,NA,SAM_309,2021-12-21,T3,ASW,avg_protein(ug/ml),705.1774,58.89097929
ABS1,NA,SAM_337,2021-12-28,T4,ABS1-21d,avg_protein(ug/ml),391.0211,17.56619174
ABS1,NA,SAM_338,2021-12-28,T4,ABS1-21d,avg_protein(ug/ml),348.4816,29.0117484
ABS1,NA,SAM_339,2021-12-28,T4,ABS1-21d,avg_protein(ug/ml),200.3762,14.50009058
ABS1,NA,SAM_340,2021-12-28,T4,ABS1-21d,avg_protein(ug/ml),457.9989,23.28715807
ABS1,NA,SAM_341,2021-12-28,T4,ABS1-21d,avg_protein(ug/ml),282.9652,36.49240358
ABS2,NA,SAM_342,2021-12-28,T4,ABS2-21d,avg_protein(ug/ml),238.0336,4.38441798
ABS2,NA,SAM_343,2021-12-28,T4,ABS2-21d,avg_protein(ug/ml),245.2293,13.92968903
ABS2,NA,SAM_344,2021-12-28,T4,ABS2-21d,avg_protein(ug/ml),48.8856,4.871990706
ABS2,NA,SAM_345,2021-12-28,T4,ABS2-21d,avg_protein(ug/ml),563.9737,3.917467791
ABS2,NA,SAM_346,2021-12-28,T4,ABS2-21d,avg_protein(ug/ml),581.0935,29.29880936
ASW,NA,SAM_347,2021-12-28,T4,ASW,avg_protein(ug/ml),790.3456,101.9732336
ASW,NA,SAM_348,2021-12-28,T4,ASW,avg_protein(ug/ml),777.9790,70.55525382
ASW,NA,SAM_349,2021-12-28,T4,ASW,avg_protein(ug/ml),717.6461,74.66806962
ASW,NA,SAM_350,2021-12-28,T4,ASW,avg_protein(ug/ml),634.8577,30.10142579
ASW,NA,SAM_351,2021-12-28,T4,ASW,avg_protein(ug/ml),341.4136,40.80964901
ABS1,NA,SAM_353,2022-01-04,T5,ABS1-21d-7d-FASW,avg_protein(ug/ml),22.17,4.027932868
ABS1,NA,SAM_354,2022-01-04,T5,ABS1-21d-7d-FASW,avg_protein(ug/ml),196.5861,9.541863791
ABS1,NA,SAM_355,2022-01-04,T5,ABS1-21d-7d-FASW,avg_protein(ug/ml),88.9973,41.87998636
ABS1,NA,SAM_356,2022-01-04,T5,ABS1-21d-7d-FASW,avg_protein(ug/ml),91.4796,7.311660307
ABS1,NA,SAM_357,2022-01-04,T5,ABS1-21d-7d-FASW,avg_protein(ug/ml),148.0759,12.58443976
ABS2,NA,SAM_358,2022-01-04,T5,ABS2-21d-7d-FASW,avg_protein(ug/ml),253.1723,17.17080838
ABS2,NA,SAM_359,2022-01-04,T5,ABS2-21d-7d-FASW,avg_protein(ug/ml),234.4115,13.66225507
ABS2,NA,SAM_360,2022-01-04,T5,ABS2-21d-7d-FASW,avg_protein(ug/ml),138.4237,9.930188912
ABS2,NA,SAM_361,2022-01-04,T5,ABS2-21d-7d-FASW,avg_protein(ug/ml),299.9316,20.87782865
ABS2,NA,SAM_362,2022-01-04,T5,ABS2-21d-7d-FASW,avg_protein(ug/ml),108.3651,11.83234065
ASW,NA,SAM_363,2022-01-04,T5,ASW,avg_protein(ug/ml),627.6005,41.86418542
ASW,NA,SAM_364,2022-01-04,T5,ASW,avg_protein(ug/ml),828.8485,82.81573403
ASW,NA,SAM_365,2022-01-04,T5,ASW,avg_protein(ug/ml),665.3012,35.70948991
ASW,NA,SAM_366,2022-01-04,T5,ASW,avg_protein(ug/ml),588.7450,37.78313445
ASW,NA,SAM_367,202201-04,T5,ASW,avg_protein(ug/ml),30.95,3.183197072
FASW,NA,SAM_150,2021-12-06,T1,FASW,avg_sym(cells/ml),196066.6667,14318.28668
FASW,NA,SAM_151,2021-12-06,T1,FASW,avg_sym(cells/ml),55466.66666,50727.63876
FASW,NA,SAM_152,2021-12-06,T1,FASW,avg_sym(cells/ml),22666.66666,3900.427328
FASW,NA,SAM_153,2021-12-06,T1,FASW,avg_sym(cells/ml),96333.33334,26608.51994
FASW,NA,SAM_154,2021-12-06,T1,FASW,avg_sym(cells/ml),72666.66666,35956.26974
ASW,NA,SAM_155,2021-12-06,T1,ASW,avg_sym(cells/ml),290266.6666,40902.48566
ASW,NA,SAM_156,2021-12-06,T1,ASW,avg_sym(cells/ml),520466.6666,44137.2103
ASW,NA,SAM_157,2021-12-06,T1,ASW,avg_sym(cells/ml),375266.6666,34837.52766
ASW,NA,SAM_158,2021-12-06,T1,ASW,avg_sym(cells/ml),1182133.333,116331.6523
ASW,NA,SAM_159,2021-12-06,T1,ASW,avg_sym(cells/ml),196866.6667,20530.3028
ASW,NA,SAM_253,2021-12-14,T2,ASW,avg_sym(cells/ml),323266.6666,126969.9702
ASW,NA,SAM_254,2021-12-14,T2,ASW,avg_sym(cells/ml),1603200,134332.2746
ASW,NA,SAM_255,2021-12-14,T2,ASW,avg_sym(cells/ml),880400,95598.11714
ASW,NA,SAM_256,2021-12-14,T2,ASW,avg_sym(cells/ml),706133.3334,47244.18836
ASW,NA,SAM_257,2021-12-14,T2,ASW,avg_sym(cells/ml),639533.3334,214463.0816
ABS1,NA,SAM_258,2021-12-14,T2,ABS1-7d,avg_sym(cells/ml),161400,13435.77314
ABS1,NA,SAM_259,2021-12-14,T2,ABS1-7d,avg_sym(cells/ml),110066.6667,14563.42451
ABS1,NA,SAM_260,2021-12-14,T2,ABS1-7d,avg_sym(cells/ml),31066.66666,503.3222956
ABS1,NA,SAM_261,2021-12-14,T2,ABS1-7d,avg_sym(cells/ml),29133.33334,29051.90756
ABS1,NA,SAM_262,2021-12-14,T2,ABS1-7d,avg_sym(cells/ml),441333.3334,17460.04964
ABS2,NA,SAM_263,2021-12-14,T2,ABS2-7d,avg_sym(cells/ml),69400,9773.433378
ABS2,NA,SAM_264,2021-12-14,T2,ABS2-7d,avg_sym(cells/ml),509333.3334,229263.9818
ABS2,NA,SAM_265,2021-12-14,T2,ABS2-7d,avg_sym(cells/ml),285533.3334,271090.1204
ABS2,NA,SAM_266,2021-12-14,T2,ABS2-7d,avg_sym(cells/ml),53600,37022.69574
ABS2,NA,SAM_267,2021-12-14,T2,ABS2-7d,avg_sym(cells/ml),296133.3334,77969.3102
ABS1,NA,SAM_295,2021-12-21,T3,ABS1-14d,avg_sym(cells/ml),264400,45765.92618
ABS1,NA,SAM_296,2021-12-21,T3,ABS1-14d,avg_sym(cells/ml),205666.6666,13260.9703
ABS1,NA,SAM_297,2021-12-21,T3,ABS1-14d,avg_sym(cells/ml),87333.33334,15053.68172
ABS1,NA,SAM_298,2021-12-21,T3,ABS1-14d,avg_sym(cells/ml),22600,4812.483766
ABS1,NA,SAM_299,2021-12-21,T3,ABS1-14d,avg_sym(cells/ml),26066.66666,5220.47252
ABS2,NA,SAM_300,2021-12-21,T3,ABS2-14d,avg_sym(cells/ml),200800,31959.97496
ABS2,NA,SAM_301,2021-12-21,T3,ABS2-14d,avg_sym(cells/ml),288666.6666,18744.95488
ABS2,NA,SAM_302,2021-12-21,T3,ABS2-14d,avg_sym(cells/ml),5118266.666,581006.724
ABS2,NA,SAM_303,2021-12-21,T3,ABS2-14d,avg_sym(cells/ml),1623800,210765.557
ABS2,NA,SAM_304,2021-12-21,T3,ABS2-14d,avg_sym(cells/ml),2225533.334,192616.1295
ASW,NA,SAM_305,2021-12-21,T3,ASW,avg_sym(cells/ml),2657466.666,90875.8127
ASW,NA,SAM_306,2021-12-21,T3,ASW,avg_sym(cells/ml),520666.6666,46300.89992
ASW,NA,SAM_307,2021-12-21,T3,ASW,avg_sym(cells/ml),1840933.333,46198.84558
ASW,NA,SAM_308,2021-12-21,T3,ASW,avg_sym(cells/ml),1546133.333,12434.36099
ASW,NA,SAM_309,2021-12-21,T3,ASW,avg_sym(cells/ml),2090866.666,56251.34072
ABS1,NA,SAM_337,2021-12-28,T4,ABS1-21d,avg_sym(cells/ml),159933.3333,35739.2408
ABS1,NA,SAM_338,2021-12-28,T4,ABS1-21d,avg_sym(cells/ml),214866.6666,146844.9976
ABS1,NA,SAM_339,2021-12-28,T4,ABS1-21d,avg_sym(cells/ml),82400,15936.12249
ABS1,NA,SAM_340,2021-12-28,T4,ABS1-21d,avg_sym(cells/ml),323600,11641.30577
ABS1,NA,SAM_341,2021-12-28,T4,ABS1-21d,avg_sym(cells/ml),89733.33334,22309.04152
ABS2,NA,SAM_342,2021-12-28,T4,ABS2-21d,avg_sym(cells/ml),112333.3333,42775.84988
ABS2,NA,SAM_343,2021-12-28,T4,ABS2-21d,avg_sym(cells/ml),267933.3334,39902.04674
ABS2,NA,SAM_344,2021-12-28,T4,ABS2-21d,avg_sym(cells/ml),611933.3334,111296.421
ABS2,NA,SAM_345,2021-12-28,T4,ABS2-21d,avg_sym(cells/ml),350666.6666,55801.91156
ABS2,NA,SAM_346,2021-12-28,T4,ABS2-21d,avg_sym(cells/ml),790400,94360.37304
ASW,NA,SAM_347,2021-12-28,T4,ASW,avg_sym(cells/ml),908933.3334,179887.3351
ASW,NA,SAM_348,2021-12-28,T4,ASW,avg_sym(cells/ml),1476800,75224.72998
ASW,NA,SAM_349,2021-12-28,T4,ASW,avg_sym(cells/ml),4569000,409532.7582
ASW,NA,SAM_350,2021-12-28,T4,ASW,avg_sym(cells/ml),303800,43676.53832
ASW,NA,SAM_351,2021-12-28,T4,ASW,avg_sym(cells/ml),367266.6666,47771.26054
ABS1,NA,SAM_353,2022-01-04,T5,ABS1-21d-7d-FASW,avg_sym(cells/ml),5066.666666,2386.07069
ABS1,NA,SAM_354,2022-01-04,T5,ABS1-21d-7d-FASW,avg_sym(cells/ml),68333.33334,14589.49394
ABS1,NA,SAM_355,2022-01-04,T5,ABS1-21d-7d-FASW,avg_sym(cells/ml),14200,3616.628264
ABS1,NA,SAM_356,2022-01-04,T5,ABS1-21d-7d-FASW,avg_sym(cells/ml),34400,29597.29718
ABS1,NA,SAM_357,2022-01-04,T5,ABS1-21d-7d-FASW,avg_sym(cells/ml),122800,51095.20526
ABS2,NA,SAM_358,2022-01-04,T5,ABS2-21d-7d-FASW,avg_sym(cells/ml),148133.3333,22508.96118
ABS2,NA,SAM_359,2022-01-04,T5,ABS2-21d-7d-FASW,avg_sym(cells/ml),225866.6666,64054.456
ABS2,NA,SAM_360,2022-01-04,T5,ABS2-21d-7d-FASW,avg_sym(cells/ml),233866.6666,108030.0575
ABS2,NA,SAM_361,2022-01-04,T5,ABS2-21d-7d-FASW,avg_sym(cells/ml),319533.3334,45028.58352
ABS2,NA,SAM_362,2022-01-04,T5,ABS2-21d-7d-FASW,avg_sym(cells/ml),62200,11262.32658
ASW,NA,SAM_363,2022-01-04,T5,ASW,avg_sym(cells/ml),598733.3334,116926.8717
ASW,NA,SAM_364,2022-01-04,T5,ASW,avg_sym(cells/ml),4069200,533708.3848
ASW,NA,SAM_365,2022-01-04,T5,ASW,avg_sym(cells/ml),2569933.334,605860.754
ASW,NA,SAM_366,2022-01-04,T5,ASW,avg_sym(cells/ml),1880466.667,216596.0602
ASW,NA,SAM_367,2022-01-04,T5,ASW,avg_sym(cells/ml),58666.66666,28290.1632
ABS1,NA,SAM_150,2021-12-06,T1,FASW,sym_prot(cells/ug),483.1169045,NA
ABS1,NA,SAM_151,2021-12-06,T1,FASW,sym_prot(cells/ug),281.2156325,NA
ABS2,NA,SAM_152,2021-12-06,T1,FASW,sym_prot(cells/ug),239.0780969,NA
ABS2,NA,SAM_153,2021-12-06,T1,FASW,sym_prot(cells/ug),177.0743268,NA
ABS2,NA,SAM_154,2021-12-06,T1,FASW,sym_prot(cells/ug),310.8945671,NA
ASW,NA,SAM_155,2021-12-06,T1,ASW,sym_prot(cells/ug),718.1562618,NA
ASW,NA,SAM_156,2021-12-06,T1,ASW,sym_prot(cells/ug),843.9330797,NA
ASW,NA,SAM_157,2021-12-06,T1,ASW,sym_prot(cells/ug),910.6308084,NA
ASW,NA,SAM_158,2021-12-06,T1,ASW,sym_prot(cells/ug),1992.863162,NA
ASW,NA,SAM_159,2021-12-06,T1,ASW,sym_prot(cells/ug),476.0344167,NA
ASW,NA,SAM_253,2021-12-14,T2,ASW,sym_prot(cells/ug),734.008112,NA
ASW,NA,SAM_254,2021-12-14,T2,ASW,sym_prot(cells/ug),2320.296034,NA
ASW,NA,SAM_255,2021-12-14,T2,ASW,sym_prot(cells/ug),1670.494272,NA
ASW,NA,SAM_256,2021-12-14,T2,ASW,sym_prot(cells/ug),1495.348679,NA
ASW,NA,SAM_257,2021-12-14,T2,ASW,sym_prot(cells/ug),810.2513563,NA
ABS1,NA,SAM_258,2021-12-14,T2,ABS1-7d,sym_prot(cells/ug),527.8781569,NA
ABS1,NA,SAM_259,2021-12-14,T2,ABS1-7d,sym_prot(cells/ug),476.1342494,NA
ABS1,NA,SAM_260,2021-12-14,T2,ABS1-7d,sym_prot(cells/ug),201.6903422,NA
ABS1,NA,SAM_261,2021-12-14,T2,ABS1-7d,sym_prot(cells/ug),470.4260771,NA
ABS1,NA,SAM_262,2021-12-14,T2,ABS1-7d,sym_prot(cells/ug),1423.209218,NA
ABS2,NA,SAM_263,2021-12-14,T2,ABS2-7d,sym_prot(cells/ug),156.7127727,NA
ABS2,NA,SAM_264,2021-12-14,T2,ABS2-7d,sym_prot(cells/ug),947.5172458,NA
ABS2,NA,SAM_265,2021-12-14,T2,ABS2-7d,sym_prot(cells/ug),1163.732602,NA
ABS2,NA,SAM_266,2021-12-14,T2,ABS2-7d,sym_prot(cells/ug),377.264659,NA
ABS2,NA,SAM_267,2021-12-14,T2,ABS2-7d,sym_prot(cells/ug),601.6200065,NA
ABS1,NA,SAM_295,2021-12-21,T3,ABS1-14d,sym_prot(cells/ug),822.7284216,NA
ABS1,NA,SAM_296,2021-12-21,T3,ABS1-14d,sym_prot(cells/ug),586.5021861,NA
ABS1,NA,SAM_297,2021-12-21,T3,ABS1-14d,sym_prot(cells/ug),350.1563014,NA
ABS1,NA,SAM_298,2021-12-21,T3,ABS1-14d,sym_prot(cells/ug),290.4081302,NA
ABS1,NA,SAM_299,2021-12-21,T3,ABS1-14d,sym_prot(cells/ug),185.7010548,NA
ABS2,NA,SAM_300,2021-12-21,T3,ABS2-14d,sym_prot(cells/ug),777.0205596,NA
ABS2,NA,SAM_301,2021-12-21,T3,ABS2-14d,sym_prot(cells/ug),1526.967241,NA
ABS2,NA,SAM_302,2021-12-21,T3,ABS2-14d,sym_prot(cells/ug),11084.23246,NA
ABS2,NA,SAM_303,2021-12-21,T3,ABS2-14d,sym_prot(cells/ug),5999.502059,NA
ABS2,NA,SAM_304,2021-12-21,T3,ABS2-14d,sym_prot(cells/ug),7959.243937,NA
ASW,NA,SAM_305,2021-12-21,T3,ASW,sym_prot(cells/ug),3793.591957,NA
ASW,NA,SAM_306,2021-12-21,T3,ASW,sym_prot(cells/ug),1218.629165,NA
ASW,NA,SAM_307,2021-12-21,T3,ASW,sym_prot(cells/ug),2368.171394,NA
ASW,NA,SAM_308,2021-12-21,T3,ASW,sym_prot(cells/ug),2505.058221,NA
ASW,NA,SAM_309,2021-12-21,T3,ASW,sym_prot(cells/ug),2965.022163,NA
ABS1,NA,SAM_337,2021-12-28,T4,ABS1-21d,sym_prot(cells/ug),409.014614,NA
ABS1,NA,SAM_338,2021-12-28,T4,ABS1-21d,sym_prot(cells/ug),616.5796057,NA
ABS1,NA,SAM_339,2021-12-28,T4,ABS1-21d,sym_prot(cells/ug),411.2264884,NA
ABS1,NA,SAM_340,2021-12-28,T4,ABS1-21d,sym_prot(cells/ug),706.5519188,NA
ABS1,NA,SAM_341,2021-12-28,T4,ABS1-21d,sym_prot(cells/ug),317.1179345,NA
ABS2,NA,SAM_342,2021-12-28,T4,ABS2-21d,sym_prot(cells/ug),471.9221307,NA
ABS2,NA,SAM_343,2021-12-28,T4,ABS2-21d,sym_prot(cells/ug),1092.582846,NA
ABS2,NA,SAM_344,2021-12-28,T4,ABS2-21d,sym_prot(cells/ug),12517.65779,NA
ABS2,NA,SAM_345,2021-12-28,T4,ABS2-21d,sym_prot(cells/ug),621.7784322,NA
ABS2,NA,SAM_346,2021-12-28,T4,ABS2-21d,sym_prot(cells/ug),1360.194231,NA
ASW,NA,SAM_347,2021-12-28,T4,ASW,sym_prot(cells/ug),1150.045363,NA
ASW,NA,SAM_348,2021-12-28,T4,ASW,sym_prot(cells/ug),1898.251662,NA
ASW,NA,SAM_349,2021-12-28,T4,ASW,sym_prot(cells/ug),6366.647845,NA
ASW,NA,SAM_350,2021-12-28,T4,ASW,sym_prot(cells/ug),478.5324313,NA
ASW,NA,SAM_351,2021-12-28,T4,ASW,sym_prot(cells/ug),1075.723519,NA
ABS1,NA,SAM_353,2022-01-04,T5,ABS1-21d-7d-FASW,sym_prot(cells/ug),228.5271414,NA
ABS1,NA,SAM_354,2022-01-04,T5,ABS1-21d-7d-FASW,sym_prot(cells/ug),347.6000693,NA
ABS1,NA,SAM_355,2022-01-04,T5,ABS1-21d-7d-FASW,sym_prot(cells/ug),159.5554333,NA
ABS1,NA,SAM_356,2022-01-04,T5,ABS1-21d-7d-FASW,sym_prot(cells/ug),376.0403187,NA
ABS1,NA,SAM_357,2022-01-04,T5,ABS1-21d-7d-FASW,sym_prot(cells/ug),829.3044409,NA
ABS2,NA,SAM_358,2022-01-04,T5,ABS2-21d-7d-FASW,sym_prot(cells/ug),585.1086839,NA
ABS2,NA,SAM_359,2022-01-04,T5,ABS2-21d-7d-FASW,sym_prot(cells/ug),963.5478106,NA
ABS2,NA,SAM_360,2022-01-04,T5,ABS2-21d-7d-FASW,sym_prot(cells/ug),1689.498388,NA
ABS2,NA,SAM_361,2022-01-04,T5,ABS2-21d-7d-FASW,sym_prot(cells/ug),1065.353905,NA
ABS2,NA,SAM_362,2022-01-04,T5,ABS2-21d-7d-FASW,sym_prot(cells/ug),573.9857185,NA
ASW,NA,SAM_363,2022-01-04,T5,ASW,sym_prot(cells/ug),954.0039814,NA
ASW,NA,SAM_364,2022-01-04,T5,ASW,sym_prot(cells/ug),4909.461627,NA
ASW,NA,SAM_365,2022-01-04,T5,ASW,sym_prot(cells/ug),3862.811614,NA
ASW,NA,SAM_366,2022-01-04,T5,ASW,sym_prot(cells/ug),3194.025618,NA
ASW,NA,SAM_367,2022-01-04,T5,ASW,sym_prot(cells/ug),1895.723752,NA
ABS1,1,SAM_398,2022-01-19,T7,ABS1-21d-15d-FASW,avg_protein(ug/ml),195.77,8.442139083
ABS1,2,SAM_399,2022-01-19,T7,ABS1-21d-15d-FASW,avg_protein(ug/ml),146.52,28.60603099
ABS1,3,SAM_400,2022-01-19,T7,ABS1-21d-15d-FASW,avg_protein(ug/ml),219.16,17.94647342
ABS1,5,SAM_401,2022-01-19,T7,ABS1-21d-15d-FASW,avg_protein(ug/ml),83.51,9.468307325
ABS1,6,SAM_402,2022-01-19,T7,ABS1-21d-15d-FASW,avg_protein(ug/ml),196.82,7.266071392
ABS2,1,SAM_403,2022-01-19,T7,ABS2-21d-15d-FASW,avg_protein(ug/ml),243.40,13.57605964
ABS2,2,SAM_404,2022-01-19,T7,ABS2-21d-15d-FASW,avg_protein(ug/ml),432.81,28.46012872
ABS2,3,SAM_405,2022-01-19,T7,ABS2-21d-15d-FASW,avg_protein(ug/ml),346.81,55.66790707
ABS2,5,SAM_406,2022-01-19,T7,ABS2-21d-15d-FASW,avg_protein(ug/ml),97.17,6.72069221
ABS2,6,SAM_407,2022-01-19,T7,ABS2-21d-15d-FASW,avg_protein(ug/ml),253.75,20.36761585
ASW,1,SAM_408,2022-01-19,T7,ASW,avg_protein(ug/ml),319.03,21.10655138
ASW,2,SAM_409,2022-01-19,T7,ASW,avg_protein(ug/ml),505.92,25.72011706
ASW,4,SAM_410,2022-01-19,T7,ASW,avg_protein(ug/ml),381.07,25.38306584
ASW,5,SAM_411,2022-01-19,T7,ASW,avg_protein(ug/ml),511.64,10.26672139
ASW,6,SAM_412,2022-01-19,T7,ASW,avg_protein(ug/ml),327.94,13.42820526
ABS1,1,SAM_398,2022-01-19,T7,ABS1-21d-15d-FASW,avg_sym(cells/ml),142733.3333,6328.770286
ABS1,2,SAM_399,2022-01-19,T7,ABS1-21d-15d-FASW,avg_sym(cells/ml),123666.6667,13051.1813
ABS1,3,SAM_400,2022-01-19,T7,ABS1-21d-15d-FASW,avg_sym(cells/ml),419800,59810.0326
ABS1,5,SAM_401,2022-01-19,T7,ABS1-21d-15d-FASW,avg_sym(cells/ml),154600,16531.18266
ABS1,6,SAM_402,2022-01-19,T7,ABS1-21d-15d-FASW,avg_sym(cells/ml),97533.33334,15912.67838
ABS2,1,SAM_403,2022-01-19,T7,ABS2-21d-15d-FASW,avg_sym(cells/ml),2605266.666,706211.0828
ABS2,2,SAM_404,2022-01-19,T7,ABS2-21d-15d-FASW,avg_sym(cells/ml),1747066.667,164244.9796
ABS2,3,SAM_405,2022-01-19,T7,ABS2-21d-15d-FASW,avg_sym(cells/ml),634600,53921.0534
ABS2,5,SAM_406,2022-01-19,T7,ABS2-21d-15d-FASW,avg_sym(cells/ml),105333.3333,13601.96064
ABS2,6,SAM_407,2022-01-19,T7,ABS2-21d-15d-FASW,avg_sym(cells/ml),250533.3334,14640.1275
ASW,1,SAM_408,2022-01-19,T7,ASW,avg_sym(cells/ml),649000,48943.64106
ASW,2,SAM_409,2022-01-19,T7,ASW,avg_sym(cells/ml),575333.3334,84127.12602
ASW,4,SAM_410,2022-01-19,T7,ASW,avg_sym(cells/ml),889866.6666,69004.73414
ASW,5,SAM_411,2022-01-19,T7,ASW,avg_sym(cells/ml),1448600,66548.92936
ASW,6,SAM_412,2022-01-19,T7,ASW,avg_sym(cells/ml),1941066.667,93285.0113
ABS1,1,SAM_398,2022-01-19,T7,ABS1-21d-15d-FASW,sym_prot(cells/ug),729.092664,NA
ABS1,2,SAM_399,2022-01-19,T7,ABS1-21d-15d-FASW,sym_prot(cells/ug),844.0005165,NA
ABS1,3,SAM_400,2022-01-19,T7,ABS1-21d-15d-FASW,sym_prot(cells/ug),1915.489416,NA
ABS1,5,SAM_401,2022-01-19,T7,ABS1-21d-15d-FASW,sym_prot(cells/ug),1851.290612,NA
ABS1,6,SAM_402,2022-01-19,T7,ABS1-21d-15d-FASW,sym_prot(cells/ug),495.5545269,NA
ABS2,1,SAM_403,2022-01-19,T7,ABS2-21d-15d-FASW,sym_prot(cells/ug),10703.56647,NA
ABS2,2,SAM_404,2022-01-19,T7,ABS2-21d-15d-FASW,sym_prot(cells/ug),4036.525917,NA
ABS2,3,SAM_405,2022-01-19,T7,ABS2-21d-15d-FASW,sym_prot(cells/ug),1829.821091,NA
ABS2,5,SAM_406,2022-01-19,T7,ABS2-21d-15d-FASW,sym_prot(cells/ug),1084.002011,NA
ABS2,6,SAM_407,2022-01-19,T7,ABS2-21d-15d-FASW,sym_prot(cells/ug),987.3116815,NA
ASW,1,SAM_408,2022-01-19,T7,ASW,sym_prot(cells/ug),2034.283287,NA
ASW,2,SAM_409,2022-01-19,T7,ASW,sym_prot(cells/ug),1137.21091,NA
ASW,4,SAM_410,2022-01-19,T7,ASW,sym_prot(cells/ug),2335.16073,NA
ASW,5,SAM_411,2022-01-19,T7,ASW,sym_prot(cells/ug),2831.305309,NA
ASW,6,SAM_412,2022-01-19,T7,ASW,sym_prot(cells/ug),5919.029528,NA
ASW,ASW-1,SAM_398,2022-01-20,T7,ASW,wet_weight(g),0.014,NA
ASW,ASW-2,SAM_399,2022-01-20,T7,ASW,wet_weight(g),0.0174,NA
ASW,ASW-3,NA,2022-01-20,T7,ASW,wet_weight(g),NA,NA
ASW,ASW-4,SAM_400,2022-01-20,T7,ASW,wet_weight(g),0.015,NA
ASW,ASW-5,SAM_401,2022-01-20,T7,ASW,wet_weight(g),0.0223,NA
ASW,ASW-6,SAM_402,2022-01-20,T7,ASW,wet_weight(g),0.0126,NA
ABS1,ABS1-1,SAM_403,2022-01-20,T7,ABS1-21d-21d-FASW,wet_weight(g),0.0064,NA
ABS1,ABS1-2,SAM_404,2022-01-20,T7,ABS1-21d-21d-FASW,wet_weight(g),0.0037,NA
ABS1,ABS1-3,SAM_405,2022-01-20,T7,ABS1-21d-21d-FASW,wet_weight(g),0.0101,NA
ABS1,ABS1-4,NA,2022-01-20,T7,ABS1-21d-21d-FASW,wet_weight(g),NA,NA
ABS1,ABS1-5,SAM_406,2022-01-20,T7,ABS1-21d-21d-FASW,wet_weight(g),0.0029,NA
ABS1,ABS1-6,SAM_407,2022-01-20,T7,ABS1-21d-21d-FASW,wet_weight(g),0.0085,NA
ABS2,ABS2-1,SAM_408,2022-01-20,T7,ABS2-21d-21d-FASW,wet_weight(g),0.0107,NA
ABS2,ABS2-2,SAM_409,2022-01-20,T7,ABS2-21d-21d-FASW,wet_weight(g),0.0181,NA
ABS2,ABS2-3,SAM_410,2022-01-20,T7,ABS2-21d-21d-FASW,wet_weight(g),0.0153,NA
ABS2,ABS2-4,NA,2022-01-20,T7,ABS2-21d-21d-FASW,wet_weight(g),NA,NA
ABS2,ABS2-5,SAM_411,2022-01-20,T7,ABS2-21d-21d-FASW,wet_weight(g),0.0035,NA
ABS2,ABS2-6,SAM_412,2022-01-20,T7,ABS2-21d-21d-FASW,wet_weight(g),0.0077,NA